<?xml version="1.0" encoding="UTF-8" standalone="yes"?>
<addon id="plugin.program.bucky" name="Bucky Wizard" version="0.1.7" provider-name="Redemption Bucky">
  <requires>
    <import addon="xbmc.python" version="2.1.0"/>
  </requires>
  <extension point="xbmc.python.pluginsource" library="default.py">
    <provides>executable</provides>
  </extension>
  <extension point="xbmc.service" library="startup.py" start="startup" />
  <extension point="xbmc.addon.metadata">
    <summary lang="en">Bucky Wizard</summary>
    <description lang="en">Bucky Wizard allows you to get access to the latest Bucky Custom Build/s and APKs.</description>
    <platform>all</platform>
  </extension>
</addon>